task_id,entry_point,openai_code,anthropic_code,gemini_code,openai_pass,anthropic_pass,gemini_pass,openai_latency,anthropic_latency,gemini_latency
HumanEval/0,has_close_elements,"from typing import List

def has_close_elements(numbers: List[float], threshold: float) -> bool:
    """""" Check if in given list of numbers, are any two numbers closer to each other than
    given threshold.
    >>> has_close_elements([1.0, 2.0, 3.0], 0.5)
    False
    >>> has_close_elements([1.0, 2.8, 3.0, 4.0, 5.0, 2.0], 0.3)
    True
    """"""
    numbers.sort()
    for i in range(len(numbers) - 1):
        if abs(numbers[i] - numbers[i + 1]) < threshold:
            return True
    return False","from typing import List


def has_close_elements(numbers: List[float], threshold: float) -> bool:
    """""" Check if in given list of numbers, are any two numbers closer to each other than
    given threshold.
    >>> has_close_elements([1.0, 2.0, 3.0], 0.5)
    False
    >>> has_close_elements([1.0, 2.8, 3.0, 4.0, 5.0, 2.0], 0.3)
    True
    """"""
    for i in range(len(numbers)):
        for j in range(i + 1, len(numbers)):
            if abs(numbers[i] - numbers[j]) < threshold:
                return True
    return False","def has_close_elements(numbers: List[float], threshold: float) -> bool:
    """""" Check if in given list of numbers, are any two numbers closer to each other than
    given threshold.
    >>> has_close_elements([1.0, 2.0, 3.0], 0.5)
    False
    >>> has_close_elements([1.0, 2.8, 3.0, 4.0, 5.0, 2.0], 0.3)
    True
    """"""
    n = len(numbers)
    for i in range(n):
        for j in range(i + 1, n):
            if abs(numbers[i] - numbers[j]) < threshold:
                return True
    return False",0,0,0,3.8998188972473145,2.437051057815552,1.4246108531951904
HumanEval/1,separate_paren_groups,"from typing import List

def separate_paren_groups(paren_string: str) -> List[str]:
    """""" Input to this function is a string containing multiple groups of nested parentheses. Your goal is to
    separate those group into separate strings and return the list of those.
    Separate groups are balanced (each open brace is properly closed) and not nested within each other
    Ignore any spaces in the input string.
    >>> separate_paren_groups('( ) (( )) (( )( ))')
    ['()', '(())', '(()())']
    """"""
    paren_string = paren_string.replace("" "", """")
    result = []
    balance = 0
    current_group = []

    for char in paren_string:
        current_group.append(char)
        if char == '(':
            balance += 1
        elif char == ')':
            balance -= 1
        
        if balance == 0:
            result.append(''.join(current_group))
            current_group = []

    return result","from typing import List


def separate_paren_groups(paren_string: str) -> List[str]:
    """""" Input to this function is a string containing multiple groups of nested parentheses. Your goal is to
    separate those group into separate strings and return the list of those.
    Separate groups are balanced (each open brace is properly closed) and not nested within each other
    Ignore any spaces in the input string.
    >>> separate_paren_groups('( ) (( )) (( )( ))')
    ['()', '(())', '(()())']
    """"""
    # Remove spaces from the input string
    paren_string = paren_string.replace(' ', '')
    
    result = []
    current_group = ''
    depth = 0
    
    for char in paren_string:
        if char == '(':
            depth += 1
            current_group += char
        elif char == ')':
            depth -= 1
            current_group += char
            # When depth reaches 0, we've completed a group
            if depth == 0:
                result.append(current_group)
                current_group = ''
    
    return result","def separate_paren_groups(paren_string: str) -> List[str]:
    """""" Input to this function is a string containing multiple groups of nested parentheses. Your goal is to
    separate those group into separate strings and return the list of those.
    Separate groups are balanced (each open brace is properly closed) and not nested within each other
    Ignore any spaces in the input string.
    >>> separate_paren_groups('( ) (( )) (( )( ))')
    ['()', '(())', '(()())']
    """"""
    result = []
    current_group = []
    balance = 0

    for char in paren_string:
        if char == ' ':
            continue

        current_group.append(char)
        if char == '(':
            balance += 1
        elif char == ')':
            balance -= 1

        if balance == 0 and current_group:
            result.append("""".join(current_group))
            current_group = []
    return result",0,0,0,3.364267110824585,1.749934196472168,1.362504959106445
HumanEval/2,truncate_number,"def truncate_number(number: float) -> float:
    """""" Given a positive floating point number, it can be decomposed into
    and integer part (largest integer smaller than given number) and decimals
    (leftover part always smaller than 1).

    Return the decimal part of the number.
    >>> truncate_number(3.5)
    0.5
    """"""
    return number - int(number)","def truncate_number(number: float) -> float:
    """""" Given a positive floating point number, it can be decomposed into
    and integer part (largest integer smaller than given number) and decimals
    (leftover part always smaller than 1).

    Return the decimal part of the number.
    >>> truncate_number(3.5)
    0.5
    """"""
    return number - int(number)","def truncate_number(number: float) -> float:
    """""" Given a positive floating point number, it can be decomposed into
    and integer part (largest integer smaller than given number) and decimals
    (leftover part always smaller than 1).

    Return the decimal part of the number.
    >>> truncate_number(3.5)
    0.5
    """"""
    return number - int(number)",0,0,0,1.6171720027923584,1.0010669231414795,0.8682360649108887
HumanEval/3,below_zero,"def below_zero(operations: List[int]) -> bool:
    balance = 0
    for operation in operations:
        balance += operation
        if balance < 0:
            return True
    return False","from typing import List


def below_zero(operations: List[int]) -> bool:
    """""" You're given a list of deposit and withdrawal operations on a bank account that starts with
    zero balance. Your task is to detect if at any point the balance of account fallls below zero, and
    at that point function should return True. Otherwise it should return False.
    >>> below_zero([1, 2, 3])
    False
    >>> below_zero([1, 2, -4, 5])
    True
    """"""
    balance = 0
    for operation in operations:
        balance += operation
        if balance < 0:
            return True
    return False","def below_zero(operations: List[int]) -> bool:
    """""" You're given a list of deposit and withdrawal operations on a bank account that starts with
    zero balance. Your task is to detect if at any point the balance of account fallls below zero, and
    at that point function should return True. Otherwise it    should return False.
    >>> below_zero([1, 2, 3])
    False
    >>> below_zero([1, 2, -4, 5])
    True
    """"""
    balance = 0
    for op in operations:
        balance += op
        if balance < 0:
            return True
    return False",0,0,0,1.399122953414917,1.558913230895996,1.0184261798858645
HumanEval/4,mean_absolute_deviation,"from typing import List

def mean_absolute_deviation(numbers: List[float]) -> float:
    if not numbers:
        return 0.0
    mean = sum(numbers) / len(numbers)
    mad = sum(abs(x - mean) for x in numbers) / len(numbers)
    return mad","from typing import List


def mean_absolute_deviation(numbers: List[float]) -> float:
    """""" For a given list of input numbers, calculate Mean Absolute Deviation
    around the mean of this dataset.
    Mean Absolute Deviation is the average absolute difference between each
    element and a centerpoint (mean in this case):
    MAD = average | x - x_mean |
    >>> mean_absolute_deviation([1.0, 2.0, 3.0, 4.0])
    1.0
    """"""
    mean = sum(numbers) / len(numbers)
    return sum(abs(x - mean) for x in numbers) / len(numbers)","def mean_absolute_deviation(numbers: List[float]) -> float:
    """""" For a given list of input numbers, calculate Mean Absolute Deviation
    around the mean of this dataset.
    Mean Absolute Deviation is the average absolute difference between each
    element and a centerpoint (mean in this case):
    MAD = average | x - x_mean |
    >>> mean_absolute_deviation([1.0, 2.0, 3.0, 4.0])
    1.0
    """"""
    if not numbers:
        return 0.0

    mean = sum(numbers) / len(numbers)
    mad_sum = 0.0
    for number in numbers:
        mad_sum += abs(number - mean)
    return mad_sum / len(numbers)",0,0,0,1.5056939125061035,1.1235387325286863,1.000610113143921
HumanEval/5,intersperse,"from typing import List

def intersperse(numbers: List[int], delimeter: int) -> List[int]:
    """""" Insert a number 'delimeter' between every two consecutive elements of input list `numbers'
    >>> intersperse([], 4)
    []
    >>> intersperse([1, 2, 3], 4)
    [1, 4, 2, 4, 3]
    """"""
    if not numbers:
        return []
    result = []
    for i in range(len(numbers) - 1):
        result.append(numbers[i])
        result.append(delimeter)
    result.append(numbers[-1])
    return result","from typing import List


def intersperse(numbers: List[int], delimeter: int) -> List[int]:
    """""" Insert a number 'delimeter' between every two consecutive elements of input list `numbers'
    >>> intersperse([], 4)
    []
    >>> intersperse([1, 2, 3], 4)
    [1, 4, 2, 4, 3]
    """"""
    if not numbers:
        return []
    
    result = []
    for i, num in enumerate(numbers):
        result.append(num)
        if i < len(numbers) - 1:
            result.append(delimeter)
    
    return result","def intersperse(numbers: List[int], delimeter: int) -> List[int]:
    """""" Insert a number 'delimeter' between every two consecutive elements of input list `numbers'
    >>> intersperse([], 4)
    []
    >>> intersperse([1, 2, 3], 4)
    [1, 4, 2, 4, 3]
    """"""
    if not numbers:
        return []

    result = []
    for i, num in enumerate(numbers):
        result.append(num)
        if i < len(numbers) - 1:
            result.append(delimeter)
    return result",0,0,0,2.2949140071868896,1.1711320877075195,1.005173921585083
HumanEval/6,parse_nested_parens,"from typing import List

def parse_nested_parens(paren_string: str) -> List[int]:
    groups = paren_string.split()
    depths = []
    
    for group in groups:
        max_depth = 0
        current_depth = 0
        
        for char in group:
            if char == '(':
                current_depth += 1
                max_depth = max(max_depth, current_depth)
            elif char == ')':
                current_depth -= 1
        
        depths.append(max_depth)
    
    return depths","from typing import List


def parse_nested_parens(paren_string: str) -> List[int]:
    """""" Input to this function is a string represented multiple groups for nested parentheses separated by spaces.
    For each of the group, output the deepest level of nesting of parentheses.
    E.g. (()()) has maximum two levels of nesting while ((())) has three.

    >>> parse_nested_parens('(()()) ((())) () ((())()())')
    [2, 3, 1, 3]
    """"""
    groups = paren_string.split()
    result = []
    
    for group in groups:
        max_depth = 0
        current_depth = 0
        
        for char in group:
            if char == '(':
                current_depth += 1
                max_depth = max(max_depth, current_depth)
            elif char == ')':
                current_depth -= 1
        
        result.append(max_depth)
    
    return result","def parse_nested_parens(paren_string: str) -> List[int]:
    """""" Input to this function is a string represented multiple groups for nested parentheses separated by spaces.
    For each of the group, output the deepest level of nesting of parentheses.
    E.g. (()()) has maximum two levels of nesting while ((())) has three.

    >>> parse_nested_parens('(()()) ((())) () ((())()())')
    [2, 3, 1, 3]
    """"""
    result = []
    groups = paren_string.split(' ')

    for group in groups:
        max_depth = 0
        current_depth = 0
        for char in group:
            if char == '(':
                current_depth += 1
                max_depth = max(max_depth, current_depth)
            elif char == ')':
                current_depth -= 1
        result.append(max_depth)
    return result",0,0,0,3.2883431911468506,2.1110689640045166,1.4214940071105957
HumanEval/7,filter_by_substring,"def filter_by_substring(strings: List[str], substring: str) -> List[str]:
    """""" Filter an input list of strings only for ones that contain given substring
    >>> filter_by_substring([], 'a')
    []
    >>> filter_by_substring(['abc', 'bacd', 'cde', 'array'], 'a')
    ['abc', 'bacd', 'array']
    """"""
    return [s for s in strings if substring in s]","from typing import List


def filter_by_substring(strings: List[str], substring: str) -> List[str]:
    """""" Filter an input list of strings only for ones that contain given substring
    >>> filter_by_substring([], 'a')
    []
    >>> filter_by_substring(['abc', 'bacd', 'cde', 'array'], 'a')
    ['abc', 'bacd', 'array']
    """"""
    return [s for s in strings if substring in s]","def filter_by_substring(strings: List[str], substring: str) -> List[str]:
    return [s for s in strings if substring in s]",0,0,0,1.8250999450683592,1.0870091915130615,0.5642821788787842
HumanEval/8,sum_product,"def sum_product(numbers: List[int]) -> Tuple[int, int]:
    if not numbers:
        return (0, 1)
    total_sum = sum(numbers)
    total_product = 1
    for number in numbers:
        total_product *= number
    return (total_sum, total_product)","from typing import List, Tuple


def sum_product(numbers: List[int]) -> Tuple[int, int]:
    """""" For a given list of integers, return a tuple consisting of a sum and a product of all the integers in a list.
    Empty sum should be equal to 0 and empty product should be equal to 1.
    >>> sum_product([])
    (0, 1)
    >>> sum_product([1, 2, 3, 4])
    (10, 24)
    """"""
    total_sum = sum(numbers)
    total_product = 1
    for num in numbers:
        total_product *= num
    return (total_sum, total_product)","def sum_product(numbers: List[int]) -> Tuple[int, int]:
    """""" For a given list of integers, return a tuple consisting of a sum and a product of all the integers in a list.
    Empty sum should be equal to 0 and empty product should be equal to 1.
    >>> sum_product([])
    (0, 1)
    >>> sum_product([1, 2, 3, 4])
    (10, 24)
    """"""
    s = 0
    p = 1
    for num in numbers:
        s += num
        p *= num
    return s, p",0,0,0,1.851661205291748,1.3880000114440918,0.9199008941650392
HumanEval/9,rolling_max,"def rolling_max(numbers: List[int]) -> List[int]:
    """""" From a given list of integers, generate a list of rolling maximum element found until given moment
    in the sequence.
    >>> rolling_max([1, 2, 3, 2, 3, 4, 2])
    [1, 2, 3, 3, 3, 4, 4]
    """"""
    if not numbers:
        return []
    
    max_so_far = numbers[0]
    result = [max_so_far]
    
    for num in numbers[1:]:
        max_so_far = max(max_so_far, num)
        result.append(max_so_far)
    
    return result","from typing import List, Tuple


def rolling_max(numbers: List[int]) -> List[int]:
    """""" From a given list of integers, generate a list of rolling maximum element found until given moment
    in the sequence.
    >>> rolling_max([1, 2, 3, 2, 3, 4, 2])
    [1, 2, 3, 3, 3, 4, 4]
    """"""
    if not numbers:
        return []
    
    result = []
    current_max = numbers[0]
    
    for num in numbers:
        current_max = max(current_max, num)
        result.append(current_max)
    
    return result","def rolling_max(numbers: List[int]) -> List[int]:
    """""" From a given list of integers, generate a list of rolling maximum element found until given moment
    in the sequence.
    >>> rolling_max([1, 2, 3, 2, 3, 4, 2])
    [1, 2, 3, 3, 3, 4, 4]
    """"""
    if not numbers:
        return []

    result = []
    current_max = float('-inf')

    for num in numbers:
        current_max = max(current_max, num)
        result.append(current_max)
    return result",0,0,0,3.073787212371826,1.249803066253662,1.0626492500305176
HumanEval/10,make_palindrome,"def make_palindrome(string: str) -> str:
    """""" Find the shortest palindrome that begins with a supplied string.
    Algorithm idea is simple:
    - Find the longest postfix of supplied string that is a palindrome.
    - Append to the end of the string reverse of a string prefix that comes before the palindromic suffix.
    >>> make_palindrome('')
    ''
    >>> make_palindrome('cat')
    'catac'
    >>> make_palindrome('cata')
    'catac'
    """"""
    if not string:
        return string
    
    for i in range(len(string)):
        if is_palindrome(string[i:]):
            return string + string[:i][::-1]
    return string + string[::-1]","def is_palindrome(string: str) -> bool:
    """""" Test if given string is a palindrome """"""
    return string == string[::-1]


def make_palindrome(string: str) -> str:
    """""" Find the shortest palindrome that begins with a supplied string.
    Algorithm idea is simple:
    - Find the longest postfix of supplied string that is a palindrome.
    - Append to the end of the string reverse of a string prefix that comes before the palindromic suffix.
    >>> make_palindrome('')
    ''
    >>> make_palindrome('cat')
    'catac'
    >>> make_palindrome('cata')
    'catac'
    """"""
    if not string:
        return string
    
    # Find the longest palindromic suffix starting from index 0
    for i in range(len(string)):
        # Check if substring from i to end is a palindrome
        if is_palindrome(string[i:]):
            # If it is, prepend the reverse of the prefix before it
            return string + string[:i][::-1]
    
    return string","def make_palindrome(string: str) -> str:
    """""" Find the shortest palindrome that begins with a supplied string.
    Algorithm idea is simple:
    - Find the longest postfix of supplied string that is a palindrome.
    - Append to the end of the string reverse of a string prefix that comes before the palindromic suffix.
    >>> make_palindrome('')
    ''
    >>> make_palindrome('cat')
    'catac'
    >>> make_palindrome('cata')
    'catac'
    """"""
    if not string:
        return """"

    n = len(string)
    for i in range(n, -1, -1):
        suffix = string[i:]
        if is_palindrome(suffix):
            prefix_to_reverse = string[:i]
            return string + prefix_to_reverse[::-1]
    return string",0,0,0,3.4699909687042236,1.7208733558654783,1.6024911403656006
HumanEval/11,string_xor,"def string_xor(a: str, b: str) -> str:
    return ''.join('1' if x != y else '0' for x, y in zip(a, b))","def string_xor(a: str, b: str) -> str:
    """""" Input are two strings a and b consisting only of 1s and 0s.
    Perform binary XOR on these inputs and return result also as a string.
    >>> string_xor('010', '110')
    '100'
    """"""
    return ''.join(str(int(x) ^ int(y)) for x, y in zip(a, b))","def string_xor(a: str, b: str) -> str:
    """""" Input are two strings a and b consisting only of 1s and 0s.
    Perform binary XOR on these inputs and return result also as a string.
    >>> string_xor('010', '110')
    '100'
    """"""
    result = """"
    for i in range(len(a)):
        if a[i] == b[i]:
            result += ""0""
        else:
            result += ""1""
    return result",0,0,0,1.0571238994598389,1.0067241191864014,1.0905160903930664
HumanEval/12,longest,"def longest(strings: List[str]) -> Optional[str]:
    if not strings:
        return None
    longest_string = strings[0]
    for string in strings:
        if len(string) > len(longest_string):
            longest_string = string
    return longest_string","from typing import List, Optional


def longest(strings: List[str]) -> Optional[str]:
    """""" Out of list of strings, return the longest one. Return the first one in case of multiple
    strings of the same length. Return None in case the input list is empty.
    >>> longest([])

    >>> longest(['a', 'b', 'c'])
    'a'
    >>> longest(['a', 'bb', 'ccc'])
    'ccc'
    """"""
    if not strings:
        return None
    
    return max(strings, key=len)","def longest(strings: List[str]) -> Optional[str]:
    """""" Out of list of strings, return the longest one. Return the first one in case of multiple
    strings of the same length. Return None in case the input list is empty.
    >>> longest([])

    >>> longest(['a', 'b', 'c'])
    'a'
    >>> longest(['a', 'bb', 'ccc'])
    'ccc'
    """"""
    if not strings:
        return None

    longest_string = strings[0]
    for s in strings:
        if len(s) > len(longest_string):
            longest_string = s
    return longest_string",0,0,0,1.48329496383667,2.0761139392852783,1.2711751461029053
HumanEval/13,greatest_common_divisor,"def greatest_common_divisor(a: int, b: int) -> int:
    """""" Return a greatest common divisor of two integers a and b
    >>> greatest_common_divisor(3, 5)
    1
    >>> greatest_common_divisor(25, 15)
    5
    """"""
    while b:
        a, b = b, a % b
    return a","def greatest_common_divisor(a: int, b: int) -> int:
    """""" Return a greatest common divisor of two integers a and b
    >>> greatest_common_divisor(3, 5)
    1
    >>> greatest_common_divisor(25, 15)
    5
    """"""
    while b:
        a, b = b, a % b
    return abs(a)","def greatest_common_divisor(a: int, b: int) -> int:
    """""" Return a greatest common divisor of two integers a and b
    >>> greatest_common_divisor(3, 5)
    1
    >>> greatest_common_divisor(25, 15)
    5
    """"""
    while b:
        a, b = b, a % b
    return a",0,0,0,1.8794000148773191,1.0059258937835691,0.7360360622406006
HumanEval/14,all_prefixes,"def all_prefixes(string: str) -> List[str]:
    """""" Return list of all prefixes from shortest to longest of the input string
    >>> all_prefixes('abc')
    ['a', 'ab', 'abc']
    """"""
    return [string[:i] for i in range(1, len(string) + 1)]","def all_prefixes(string: str) -> List[str]:
    """""" Return list of all prefixes from shortest to longest of the input string
    >>> all_prefixes('abc')
    ['a', 'ab', 'abc']
    """"""
    return [string[:i] for i in range(1, len(string) + 1)]","def all_prefixes(string: str) -> List[str]:
    """""" Return list of all prefixes from shortest to longest of the input string
    >>> all_prefixes('abc')
    ['a', 'ab', 'abc']
    """"""
    result = []
    for i in range(1, len(string) + 1):
        result.append(string[0:i])
    return result",0,0,0,1.3484699726104736,0.9363460540771484,0.7502241134643555
HumanEval/15,string_sequence,"def string_sequence(n: int) -> str:
    """""" Return a string containing space-delimited numbers starting from 0 upto n inclusive.
    >>> string_sequence(0)
    '0'
    >>> string_sequence(5)
    '0 1 2 3 4 5'
    """"""
    return ' '.join(str(i) for i in range(n + 1))","def string_sequence(n: int) -> str:
    """""" Return a string containing space-delimited numbers starting from 0 upto n inclusive.
    >>> string_sequence(0)
    '0'
    >>> string_sequence(5)
    '0 1 2 3 4 5'
    """"""
    return ' '.join(str(i) for i in range(n + 1))","def string_sequence(n: int) -> str:
    """""" Return a string containing space-delimited numbers starting from 0 upto n inclusive.
    >>> string_sequence(0)
    '0'
    >>> string_sequence(5)
    '0 1 2 3 4 5'
    """"""
    return ' '.join(str(i) for i in range(n + 1))",0,0,0,1.723689079284668,0.9558141231536864,0.7391331195831299
HumanEval/16,count_distinct_characters,"def count_distinct_characters(string: str) -> int:
    """""" Given a string, find out how many distinct characters (regardless of case) does it consist of
    >>> count_distinct_characters('xyzXYZ')
    3
    >>> count_distinct_characters('Jerry')
    4
    """"""
    return len(set(string.lower()))","def count_distinct_characters(string: str) -> int:
    """""" Given a string, find out how many distinct characters (regardless of case) does it consist of
    >>> count_distinct_characters('xyzXYZ')
    3
    >>> count_distinct_characters('Jerry')
    4
    """"""
    return len(set(string.lower()))","def count_distinct_characters(string: str) -> int:
    """""" Given a string, find out how many distinct characters (regardless of case) does it consist of
    >>> count_distinct_characters('xyzXYZ')
    3
    >>> count_distinct_characters('Jerry')
    4
    """"""
    seen_characters = set()
    for char in string:
        seen_characters.add(char.lower())
    return len(seen_characters)",0,0,0,1.238415241241455,0.9489400386810304,1.0837528705596924
HumanEval/17,parse_music,"from typing import List

def parse_music(music_string: str) -> List[int]:
    """""" Input to this function is a string representing musical notes in a special ASCII format.
    Your task is to parse this string and return list of integers corresponding to how many beats does each
    not last.

    Here is a legend:
    'o' - whole note, lasts four beats
    'o|' - half note, lasts two beats
    '.|' - quater note, lasts one beat

    >>> parse_music('o o| .| o| o| .| .| .| .| o o')
    [4, 2, 1, 2, 2, 1, 1, 1, 1, 4, 4]
    """"""
    note_durations = {'o': 4, 'o|': 2, '.|': 1}
    notes = music_string.split()
    return [note_durations[note] for note in notes]","from typing import List


def parse_music(music_string: str) -> List[int]:
    """""" Input to this function is a string representing musical notes in a special ASCII format.
    Your task is to parse this string and return list of integers corresponding to how many beats does each
    not last.

    Here is a legend:
    'o' - whole note, lasts four beats
    'o|' - half note, lasts two beats
    '.|' - quater note, lasts one beat

    >>> parse_music('o o| .| o| o| .| .| .| .| o o')
    [4, 2, 1, 2, 2, 1, 1, 1, 1, 4, 4]
    """"""
    note_map = {
        'o': 4,
        'o|': 2,
        '.|': 1
    }
    
    notes = music_string.split()
    return [note_map[note] for note in notes]","def parse_music(music_string: str) -> List[int]:
    """""" Input to this function is a string representing musical notes in a special ASCII format.
    Your task is to parse this string and return list of integers corresponding to how many beats does each
    not last.

    Here is a legend:
    'o' - whole note, lasts four beats
    'o|' - half note, lasts two beats
    '.|' - quater note, lasts one beat

    >>> parse_music('o o| .| o| o| .| .| .| .| o o')
    [4, 2, 1, 2, 2, 1, 1, 1, 1, 4, 4]
    """"""
    beats = []
    notes = music_string.split(' ')
    for note in notes:
        if note == 'o':
            beats.append(4)
        elif note == 'o|':
            beats.append(2)
        elif note == '.|':
            beats.append(1)
    return beats",0,0,0,3.978929042816162,1.8502349853515625,2.292413234710694
HumanEval/18,how_many_times,"def how_many_times(string: str, substring: str) -> int:
    """""" Find how many times a given substring can be found in the original string. Count overlaping cases.
    >>> how_many_times('', 'a')
    0
    >>> how_many_times('aaa', 'a')
    3
    >>> how_many_times('aaaa', 'aa')
    3
    """"""
    count = 0
    start = 0
    while True:
        start = string.find(substring, start)
        if start == -1:
            break
        count += 1
        start += 1
    return count","def how_many_times(string: str, substring: str) -> int:
    """""" Find how many times a given substring can be found in the original string. Count overlaping cases.
    >>> how_many_times('', 'a')
    0
    >>> how_many_times('aaa', 'a')
    3
    >>> how_many_times('aaaa', 'aa')
    3
    """"""
    if not substring or not string:
        return 0
    
    count = 0
    for i in range(len(string) - len(substring) + 1):
        if string[i:i + len(substring)] == substring:
            count += 1
    
    return count","def how_many_times(string: str, substring: str) -> int:
    """""" Find how many times a given substring can be found in the original string. Count overlaping cases.
    >>> how_many_times('', 'a')
    0
    >>> how_many_times('aaa', 'a')
    3
    >>> how_many_times('aaaa', 'aa')
    3
    """"""
    count = 0
    for i in range(len(string) - len(substring) + 1):
        if string[i:i+len(substring)] == substring:
            count += 1
    return count",0,0,0,2.1418159008026123,1.427173137664795,1.262578010559082
HumanEval/19,sort_numbers,"from typing import List

def sort_numbers(numbers: str) -> str:
    num_dict = {
        'zero': 0,
        'one': 1,
        'two': 2,
        'three': 3,
        'four': 4,
        'five': 5,
        'six': 6,
        'seven': 7,
        'eight': 8,
        'nine': 9
    }
    sorted_numbers = sorted(numbers.split(), key=lambda x: num_dict[x])
    return ' '.join(sorted_numbers)","from typing import List


def sort_numbers(numbers: str) -> str:
    """""" Input is a space-delimited string of numberals from 'zero' to 'nine'.
    Valid choices are 'zero', 'one', 'two', 'three', 'four', 'five', 'six', 'seven', 'eight' and 'nine'.
    Return the string with numbers sorted from smallest to largest
    >>> sort_numbers('three one five')
    'one three five'
    """"""
    word_to_num = {
        'zero': 0,
        'one': 1,
        'two': 2,
        'three': 3,
        'four': 4,
        'five': 5,
        'six': 6,
        'seven': 7,
        'eight': 8,
        'nine': 9
    }
    
    num_to_word = {v: k for k, v in word_to_num.items()}
    
    words = numbers.split()
    sorted_nums = sorted([word_to_num[word] for word in words])
    sorted_words = [num_to_word[num] for num in sorted_nums]
    
    return ' '.join(sorted_words)","def sort_numbers(numbers: str) -> str:
    """""" Input is a space-delimited string of numberals from 'zero' to 'nine'.
    Valid choices are 'zero', 'one', 'two', 'three', 'four', 'five', 'six', 'seven', 'eight' and 'nine'.
    Return the string with numbers sorted from smallest to largest
    >>> sort_numbers('three one five')
    'one three five'
    """"""
    word_to_int = {
        'zero': 0, 'one': 1, 'two': 2, 'three': 3, 'four': 4,
        'five': 5, 'six': 6, 'seven': 7, 'eight': 8, 'nine': 9
    }
    int_to_word = {
        0: 'zero', 1: 'one', 2: 'two', 3: 'three', 4: 'four',
        5: 'five', 6: 'six', 7: 'seven', 8: 'eight', 9: 'nine'
    }

    number_words = numbers.split()
    
    # Convert words to integers
    integer_list = [word_to_int[word] for word in number_words]
    
    # Sort the integers
    integer_list.sort()
    
    # Convert sorted integers back to words
    sorted_number_words = [int_to_word[num] for num in integer_list]
    
    # Join the words back into a space-delimited string
    return ' '.join(sorted_number_words)",0,0,0,2.2831571102142334,1.6876378059387207,1.9403283596038816
HumanEval/20,find_closest_elements,"def find_closest_elements(numbers: List[float]) -> Tuple[float, float]:
    numbers.sort()
    closest_pair = (numbers[0], numbers[1])
    min_diff = abs(numbers[1] - numbers[0])
    
    for i in range(1, len(numbers)):
        diff = abs(numbers[i] - numbers[i - 1])
        if diff < min_diff:
            min_diff = diff
            closest_pair = (numbers[i - 1], numbers[i])
    
    return closest_pair","from typing import List, Tuple


def find_closest_elements(numbers: List[float]) -> Tuple[float, float]:
    """""" From a supplied list of numbers (of length at least two) select and return two that are the closest to each
    other and return them in order (smaller number, larger number).
    >>> find_closest_elements([1.0, 2.0, 3.0, 4.0, 5.0, 2.2])
    (2.0, 2.2)
    >>> find_closest_elements([1.0, 2.0, 3.0, 4.0, 5.0, 2.0])
    (2.0, 2.0)
    """"""
    sorted_numbers = sorted(numbers)
    min_distance = float('inf')
    closest_pair = (sorted_numbers[0], sorted_numbers[1])
    
    for i in range(len(sorted_numbers) - 1):
        distance = sorted_numbers[i + 1] - sorted_numbers[i]
        if distance < min_distance:
            min_distance = distance
            closest_pair = (sorted_numbers[i], sorted_numbers[i + 1])
    
    return closest_pair","def find_closest_elements(numbers: List[float]) -> Tuple[float, float]:
    """""" From a supplied list of numbers (of length at least two) select and return two that are the closest to each
    other and return them in order (smaller number, larger number).
    >>> find_closest_elements([1.0, 2.0, 3.0, 4.0, 5.0, 2.2])
    (2.0, 2.2)
    >>> find_closest_elements([1.0, 2.0, 3.0, 4.0, 5.0, 2.0])
    (2.0, 2.0)
    """"""
    if len(numbers) < 2:
        raise ValueError(""The list must contain at least two numbers."")

    numbers.sort()

    min_diff = float('inf')
    closest_pair = (0.0, 0.0)

    for i in range(len(numbers) - 1):
        diff = numbers[i+1] - numbers[i]
        if diff < min_diff:
            min_diff = diff
            closest_pair = (numbers[i], numbers[i+1])

    return closest_pair",0,0,0,1.857194662094116,1.8660800457000732,1.7913339138031006
HumanEval/21,rescale_to_unit,"from typing import List

def rescale_to_unit(numbers: List[float]) -> List[float]:
    """""" Given list of numbers (of at least two elements), apply a linear transform to that list,
    such that the smallest number will become 0 and the largest will become 1
    >>> rescale_to_unit([1.0, 2.0, 3.0, 4.0, 5.0])
    [0.0, 0.25, 0.5, 0.75, 1.0]
    """"""
    min_val = min(numbers)
    max_val = max(numbers)
    return [(num - min_val) / (max_val - min_val) for num in numbers]","from typing import List


def rescale_to_unit(numbers: List[float]) -> List[float]:
    """""" Given list of numbers (of at least two elements), apply a linear transform to that list,
    such that the smallest number will become 0 and the largest will become 1
    >>> rescale_to_unit([1.0, 2.0, 3.0, 4.0, 5.0])
    [0.0, 0.25, 0.5, 0.75, 1.0]
    """"""
    min_val = min(numbers)
    max_val = max(numbers)
    range_val = max_val - min_val
    
    return [(x - min_val) / range_val for x in numbers]","def rescale_to_unit(numbers: List[float]) -> List[float]:
    """""" Given list of numbers (of at least two elements), apply a linear transform to that list,
    such that the smallest number will become 0 and the largest will become 1
    >>> rescale_to_unit([1.0, 2.0, 3.0, 4.0, 5.0])
    [0.0, 0.25, 0.5, 0.75, 1.0]
    """"""
    min_val = min(numbers)
    max_val = max(numbers)

    if min_val == max_val:
        return [0.0] * len(numbers)

    rescaled_numbers = []
    for num in numbers:
        rescaled_numbers.append((num - min_val) / (max_val - min_val))
    return rescaled_numbers",0,0,0,3.07948899269104,1.2927570343017578,1.195145845413208
HumanEval/22,filter_integers,"def filter_integers(values: List[Any]) -> List[int]:
    """""" Filter given list of any python values only for integers
    >>> filter_integers(['a', 3.14, 5])
    [5]
    >>> filter_integers([1, 2, 3, 'abc', {}, []])
    [1, 2, 3]
    """"""
    return [value for value in values if isinstance(value, int)]","def filter_integers(values: List[Any]) -> List[int]:
    """""" Filter given list of any python values only for integers
    >>> filter_integers(['a', 3.14, 5])
    [5]
    >>> filter_integers([1, 2, 3, 'abc', {}, []])
    [1, 2, 3]
    """"""
    return [v for v in values if isinstance(v, int) and not isinstance(v, bool)]","def filter_integers(values: List[Any]) -> List[int]:
    return [value for value in values if isinstance(value, int)]",0,0,0,1.9035942554473877,1.0824809074401855,0.4805941581726074
HumanEval/23,strlen,"def strlen(string: str) -> int:
    """""" Return length of given string
    >>> strlen('')
    0
    >>> strlen('abc')
    3
    """"""
    return len(string)","def strlen(string: str) -> int:
    """""" Return length of given string
    >>> strlen('')
    0
    >>> strlen('abc')
    3
    """"""
    return len(string)","def strlen(string: str) -> int:
    """""" Return length of given string
    >>> strlen('')
    0
    >>> strlen('abc')
    3
    """"""
    count = 0
    for char in string:
        count += 1
    return count",0,0,0,1.170010328292847,0.9053409099578856,0.679487943649292
HumanEval/24,largest_divisor,"def largest_divisor(n: int) -> int:
    """""" For a given number n, find the largest number that divides n evenly, smaller than n
    >>> largest_divisor(15)
    5
    """"""
    for i in range(n - 1, 0, -1):
        if n % i == 0:
            return i","def largest_divisor(n: int) -> int:
    """""" For a given number n, find the largest number that divides n evenly, smaller than n
    >>> largest_divisor(15)
    5
    """"""
    for i in range(2, int(n**0.5) + 1):
        if n % i == 0:
            return n // i
    return 1","def largest_divisor(n: int) -> int:
    """""" For a given number n, find the largest number that divides n evenly, smaller than n
    >>> largest_divisor(15)
    5
    """"""
    for i in range(n // 2, 0, -1):
        if n % i == 0:
            return i",0,0,0,1.8262250423431396,5.239733934402466,0.8728070259094238
HumanEval/25,factorize,"from typing import List

def factorize(n: int) -> List[int]:
    factors = []
    divisor = 2
    while n > 1:
        while n % divisor == 0:
            factors.append(divisor)
            n //= divisor
        divisor += 1
    return factors","from typing import List


def factorize(n: int) -> List[int]:
    """""" Return list of prime factors of given integer in the order from smallest to largest.
    Each of the factors should be listed number of times corresponding to how many times it appeares in factorization.
    Input number should be equal to the product of all factors
    >>> factorize(8)
    [2, 2, 2]
    >>> factorize(25)
    [5, 5]
    >>> factorize(70)
    [2, 5, 7]
    """"""
    factors = []
    d = 2
    while d * d <= n:
        while n % d == 0:
            factors.append(d)
            n //= d
        d += 1
    if n > 1:
        factors.append(n)
    return factors","def factorize(n: int) -> List[int]:
    """""" Return list of prime factors of given integer in the order from smallest to largest.
    Each of the factors should be listed number of times corresponding to how many times it appeares in factorization.
    Input number should be equal to the product of all factors
    >>> factorize(8)
    [2, 2, 2]
    >>> factorize(25)
    [5, 5]
    >>> factorize(70)
    [2, 5, 7]
    """"""
    factors = []
    d = 2
    temp = n
    while d * d <= temp:
        while temp % d == 0:
            factors.append(d)
            temp //= d
        d += 1
    if temp > 1:
        factors.append(temp)
    return factors",0,0,0,1.347866773605347,1.329792022705078,1.1270990371704102
HumanEval/26,remove_duplicates,"def remove_duplicates(numbers: List[int]) -> List[int]:
    seen = {}
    result = []
    for number in numbers:
        if number in seen:
            seen[number] += 1
        else:
            seen[number] = 1
    for number in numbers:
        if seen[number] == 1:
            result.append(number)
    return result","from typing import List


def remove_duplicates(numbers: List[int]) -> List[int]:
    """""" From a list of integers, remove all elements that occur more than once.
    Keep order of elements left the same as in the input.
    >>> remove_duplicates([1, 2, 3, 2, 4])
    [1, 3, 4]
    """"""
    count = {}
    for num in numbers:
        count[num] = count.get(num, 0) + 1
    
    return [num for num in numbers if count[num] == 1]","def remove_duplicates(numbers: List[int]) -> List[int]:
    """""" From a list of integers, remove all elements that occur more than once.
    Keep order of elements left the same as in the input.
    >>> remove_duplicates([1, 2, 3, 2, 4])
    [1, 3, 4]
    """"""
    counts = {}
    for num in numbers:
        counts[num] = counts.get(num, 0) + 1

    result = []
    for num in numbers:
        if counts[num] == 1:
            result.append(num)
    return result",0,0,0,1.322240114212036,1.1207218170166016,0.9078409671783448
HumanEval/27,flip_case,"def flip_case(string: str) -> str:
    """""" For a given string, flip lowercase characters to uppercase and uppercase to lowercase.
    >>> flip_case('Hello')
    'hELLO'
    """"""
    return string.swapcase()","def flip_case(string: str) -> str:
    """""" For a given string, flip lowercase characters to uppercase and uppercase to lowercase.
    >>> flip_case('Hello')
    'hELLO'
    """"""
    return string.swapcase()","def flip_case(string: str) -> str:
    """""" For a given string, flip lowercase characters to uppercase and uppercase to lowercase.
    >>> flip_case('Hello')
    'hELLO'
    """"""
    flipped_string = """"
    for char in string:
        if 'a' <= char <= 'z':
            flipped_string += chr(ord(char) - 32)  # Convert to uppercase
        elif 'A' <= char <= 'Z':
            flipped_string += chr(ord(char) + 32)  # Convert to lowercase
        else:
            flipped_string += char  # Keep other characters as they are
    return flipped_string",0,0,0,1.2453711032867432,1.0492877960205078,0.973796844482422
HumanEval/28,concatenate,"def concatenate(strings: List[str]) -> str:
return ''.join(strings)","def concatenate(strings: List[str]) -> str:
    """""" Concatenate list of strings into a single string
    >>> concatenate([])
    ''
    >>> concatenate(['a', 'b', 'c'])
    'abc'
    """"""
    return ''.join(strings)","def concatenate(strings: List[str]) -> str:
    """""" Concatenate list of strings into a single string
    >>> concatenate([])
    ''
    >>> concatenate(['a', 'b', 'c'])
    'abc'
    """"""
    return """".join(strings)",0,0,0,0.6092100143432617,0.9586217403411864,0.6124982833862305
HumanEval/29,filter_by_prefix,"def filter_by_prefix(strings: List[str], prefix: str) -> List[str]:
    """""" Filter an input list of strings only for ones that start with a given prefix.
    >>> filter_by_prefix([], 'a')
    []
    >>> filter_by_prefix(['abc', 'bcd', 'cde', 'array'], 'a')
    ['abc', 'array']
    """"""
    return [s for s in strings if s.startswith(prefix)]","from typing import List


def filter_by_prefix(strings: List[str], prefix: str) -> List[str]:
    """""" Filter an input list of strings only for ones that start with a given prefix.
    >>> filter_by_prefix([], 'a')
    []
    >>> filter_by_prefix(['abc', 'bcd', 'cde', 'array'], 'a')
    ['abc', 'array']
    """"""
    return [s for s in strings if s.startswith(prefix)]","def filter_by_prefix(strings: List[str], prefix: str) -> List[str]:
    return [s for s in strings if s.startswith(prefix)]",0,0,0,1.7570278644561768,1.2486348152160645,0.8772420883178711
HumanEval/30,get_positive,"def get_positive(l: list):
    """"""Return only positive numbers in the list.
    >>> get_positive([-1, 2, -4, 5, 6])
    [2, 5, 6]
    >>> get_positive([5, 3, -5, 2, -3, 3, 9, 0, 123, 1, -10])
    [5, 3, 2, 3, 9, 123, 1]
    """"""
    return [x for x in l if x > 0]","def get_positive(l: list):
    """"""Return only positive numbers in the list.
    >>> get_positive([-1, 2, -4, 5, 6])
    [2, 5, 6]
    >>> get_positive([5, 3, -5, 2, -3, 3, 9, 0, 123, 1, -10])
    [5, 3, 2, 3, 9, 123, 1]
    """"""
    return [x for x in l if x > 0]","def get_positive(l: list):
    """"""Return only positive numbers in the list.
    >>> get_positive([-1, 2, -4, 5, 6])
    [2, 5, 6]
    >>> get_positive([5, 3, -5, 2, -3, 3, 9, 0, 123, 1, -10])
    [5, 3, 2, 3, 9, 123, 1]
    """"""
    return [x for x in l if x > 0]",0,0,0,2.1907660961151123,1.0664348602294922,1.257249116897583
HumanEval/31,is_prime,"def is_prime(n):
    """"""Return true if a given number is prime, and false otherwise.
    >>> is_prime(6)
    False
    >>> is_prime(101)
    True
    >>> is_prime(11)
    True
    >>> is_prime(13441)
    True
    >>> is_prime(61)
    True
    >>> is_prime(4)
    False
    >>> is_prime(1)
    False
    """"""
    if n <= 1:
        return False
    for i in range(2, int(n**0.5) + 1):
        if n % i == 0:
            return False
    return True","def is_prime(n):
    """"""Return true if a given number is prime, and false otherwise.
    >>> is_prime(6)
    False
    >>> is_prime(101)
    True
    >>> is_prime(11)
    True
    >>> is_prime(13441)
    True
    >>> is_prime(61)
    True
    >>> is_prime(4)
    False
    >>> is_prime(1)
    False
    """"""
    if n < 2:
        return False
    if n == 2:
        return True
    if n % 2 == 0:
        return False
    for i in range(3, int(n**0.5) + 1, 2):
        if n % i == 0:
            return False
    return True","def is_prime(n):
    """"""Return true if a given number is prime, and false otherwise.
    >>> is_prime(6)
    False
    >>> is_prime(101)
    True
    >>> is_prime(11)
    True
    >>> is_prime(13441)
    True
    >>> is_prime(61)
    True
    >>> is_prime(4)
    False
    >>> is_prime(1)
    False
    """"""
    if n < 2:
        return False
    for i in range(2, int(n**0.5) + 1):
        if n % i == 0:
            return False
    return True",0,0,0,2.483834981918335,1.3378150463104248,1.2855968475341797
HumanEval/32,find_zero,"def find_zero(xs: list):
a, b = xs[-1], xs[-2]
    c = sum(coeff * math.pow(-b / (2 * a), i) for i, coeff in enumerate(xs))
    return -b / (2 * a) - math.sqrt(b**2 - 4 * a * c) / (2 * a)","import math


def poly(xs: list, x: float):
    """"""
    Evaluates polynomial with coefficients xs at point x.
    return xs[0] + xs[1] * x + xs[1] * x^2 + .... xs[n] * x^n
    """"""
    return sum([coeff * math.pow(x, i) for i, coeff in enumerate(xs)])


def find_zero(xs: list):
    """""" xs are coefficients of a polynomial.
    find_zero find x such that poly(x) = 0.
    find_zero returns only only zero point, even if there are many.
    Moreover, find_zero only takes list xs having even number of coefficients
    and largest non zero coefficient as it guarantees
    a solution.
    >>> round(find_zero([1, 2]), 2) # f(x) = 1 + 2x
    -0.5
    >>> round(find_zero([-6, 11, -6, 1]), 2) # (x - 1) * (x - 2) * (x - 3) = -6 + 11x - 6x^2 + x^3
    1.0
    """"""
    x = 0.0
    while abs(poly(xs, x)) > 1e-10:
        derivative = sum([i * coeff * math.pow(x, i - 1) for i, coeff in enumerate(xs) if i > 0])
        if abs(derivative) < 1e-10:
            x += 1.0
        else:
            x = x - poly(xs, x) / derivative
    return x","import math


def poly(xs: list, x: float):
    """"""
    Evaluates polynomial with coefficients xs at point x.
    return xs[0] + xs[1] * x + xs[1] * x^2 + .... xs[n] * x^n
    """"""
    return sum([coeff * math.pow(x, i) for i, coeff in enumerate(xs)])


def find_zero(xs: list):
    """""" xs are coefficients of a polynomial.
    find_zero find x such that poly(x) = 0.
    find_zero returns only only zero point, even if there are many.
    Moreover, find_zero only takes list xs having even number of coefficients
    and largest non zero coefficient as it guarantees
    a solution.
    >>> round(find_zero([1, 2]), 2) # f(x) = 1 + 2x
    -0.5
    >>> round(find_zero([-6, 11, -6, 1]), 2) # (x - 1) * (x - 2) * (x - 3) = -6 + 11x - 6x^2 + x^3
    1.0
    """"""
    if len(xs) % 2 != 0:
        raise ValueError(""The number of coefficients must be even."")
    
    # For linear polynomials (degree 1)
    if len(xs) == 2:
        # xs[0] + xs[1] * x = 0
        # xs[1] * x = -xs[0]
        # x = -xs[0] / xs[1]
        if xs[1] == 0:
            raise ValueError(""The leading coefficient cannot be zero for a linear polynomial."")
        return -xs[0] / xs[1]

    # For higher degree polynomials, we can use numerical methods.
    # Since the problem statement guarantees a solution and that the largest
    # non-zero coefficient is present, we can use a simple root-finding algorithm
    # like the bisection method or Newton-Raphson.
    # Given the constraints, a simple iterative search might also work for some cases.

    # Let's try a simple iterative search for a root",0,0,0,1.535888910293579,2.360236883163452,2.862575054168701
HumanEval/33,sort_third,"def sort_third(l: list):
    sorted_third = sorted(l[i] for i in range(len(l)) if i % 3 == 0)
    result = l[:]
    j = 0
    for i in range(len(l)):
        if i % 3 == 0:
            result[i] = sorted_third[j]
            j += 1
    return result","def sort_third(l: list):
    """"""This function takes a list l and returns a list l' such that
    l' is identical to l in the indicies that are not divisible by three, while its values at the indicies that are divisible by three are equal
    to the values of the corresponding indicies of l, but sorted.
    >>> sort_third([1, 2, 3])
    [1, 2, 3]
    >>> sort_third([5, 6, 3, 4, 8, 9, 2])
    [2, 6, 3, 4, 8, 9, 5]
    """"""
    # Extract elements at indices divisible by 3
    third_elements = [l[i] for i in range(len(l)) if i % 3 == 0]
    
    # Sort them
    third_elements.sort()
    
    # Create result list
    result = l.copy()
    
    # Replace elements at indices divisible by 3 with sorted values
    third_index = 0
    for i in range(len(result)):
        if i % 3 == 0:
            result[i] = third_elements[third_index]
            third_index += 1
    
    return result","def sort_third(l: list):
    """"""This function takes a list l and returns a list l' such that
    l' is identical to l in the indicies that are not divisible by three, while its values at the indicies that are divisible by three are equal
    to the values of the corresponding indicies of l, but sorted.
    >>> sort_third([1, 2, 3])
    [1, 2, 3]
    >>> sort_third([5, 6, 3, 4, 8, 9, 2])
    [2, 6, 3, 4, 8, 9, 5]
    """"""
    if not l:
        return []

    third_elements = []
    for i in range(len(l)):
        if i % 3 == 0:
            third_elements.append(l[i])

    third_elements.sort()

    result = list(l)
    third_index = 0
    for i in range(len(l)):
        if i % 3 == 0:
            result[i] = third_elements[third_index]
            third_index += 1
    return result",0,0,0,1.5786011219024658,1.8049628734588623,1.448632001876831
HumanEval/34,unique,"def unique(l: list):
    """"""Return sorted unique elements in a list
    >>> unique([5, 3, 5, 2, 3, 3, 9, 0, 123])
    [0, 2, 3, 5, 9, 123]
    """"""
    return sorted(set(l))","def unique(l: list):
    """"""Return sorted unique elements in a list
    >>> unique([5, 3, 5, 2, 3, 3, 9, 0, 123])
    [0, 2, 3, 5, 9, 123]
    """"""
    return sorted(set(l))","def unique(l: list):
    """"""Return sorted unique elements in a list
    >>> unique([5, 3, 5, 2, 3, 3, 9, 0, 123])
    [0, 2, 3, 5, 9, 123]
    """"""
    return sorted(list(set(l)))",0,0,0,1.3344018459320068,1.8900659084320068,0.6442790031433105
HumanEval/35,max_element,"def max_element(l: list):
    """"""Return maximum element in the list.
    >>> max_element([1, 2, 3])
    3
    >>> max_element([5, 3, -5, 2, -3, 3, 9, 0, 123, 1, -10])
    123
    """"""
    if not l:
        return None
    max_val = l[0]
    for num in l:
        if num > max_val:
            max_val = num
    return max_val","def max_element(l: list):
    """"""Return maximum element in the list.
    >>> max_element([1, 2, 3])
    3
    >>> max_element([5, 3, -5, 2, -3, 3, 9, 0, 123, 1, -10])
    123
    """"""
    return max(l)","def max_element(l: list):
    """"""Return maximum element in the list.
    >>> max_element([1, 2, 3])
    3
    >>> max_element([5, 3, -5, 2, -3, 3, 9, 0, 123, 1, -10])
    123
    """"""
    if not l:
        return None
    
    max_val = l[0]
    for item in l:
        if item > max_val:
            max_val = item
    return max_val",0,0,0,2.7775771617889404,1.0392858982086182,0.9508967399597168
HumanEval/36,fizz_buzz,"def fizz_buzz(n: int):
    count = 0
    for i in range(n):
        if (i % 11 == 0 or i % 13 == 0) and '7' in str(i):
            count += str(i).count('7')
    return count","def fizz_buzz(n: int):
    """"""Return the number of times the digit 7 appears in integers less than n which are divisible by 11 or 13.
    >>> fizz_buzz(50)
    0
    >>> fizz_buzz(78)
    2
    >>> fizz_buzz(79)
    3
    """"""
    count = 0
    for i in range(1, n):
        if i % 11 == 0 or i % 13 == 0:
            count += str(i).count('7')
    return count","def fizz_buzz(n: int):
    """"""Return the number of times the digit 7 appears in integers less than n which are divisible by 11 or 13.
    >>> fizz_buzz(50)
    0
    >>> fizz_buzz(78)
    2
    >>> fizz_buzz(79)
    3
    """"""
    count = 0
    for i in range(n):
        if i % 11 == 0 or i % 13 == 0:
            count += str(i).count('7')
    return count",0,0,0,1.1667897701263428,1.258415937423706,0.8426768779754639
HumanEval/37,sort_even,"def sort_even(l: list):
    """"""This function takes a list l and returns a list l' such that
    l' is identical to l in the odd indicies, while its values at the even indicies are equal
    to the values of the even indicies of l, but sorted.
    >>> sort_even([1, 2, 3])
    [1, 2, 3]
    >>> sort_even([5, 6, 3, 4])
    [3, 6, 5, 4]
    """"""
    even_indices = sorted(l[i] for i in range(0, len(l), 2))
    result = l[:]
    result[0::2] = even_indices
    return result","def sort_even(l: list):
    """"""This function takes a list l and returns a list l' such that
    l' is identical to l in the odd indicies, while its values at the even indicies are equal
    to the values of the even indicies of l, but sorted.
    >>> sort_even([1, 2, 3])
    [1, 2, 3]
    >>> sort_even([5, 6, 3, 4])
    [3, 6, 5, 4]
    """"""
    even_values = sorted([l[i] for i in range(0, len(l), 2)])
    result = l.copy()
    for i, val in enumerate(even_values):
        result[i * 2] = val
    return result","def sort_even(l: list):
    """"""This function takes a list l and returns a list l' such that
    l' is identical to l in the odd indicies, while its values at the even indicies are equal
    to the values of the even indicies of l, but sorted.
    >>> sort_even([1, 2, 3])
    [1, 2, 3]
    >>> sort_even([5, 6, 3, 4])
    [3, 6, 5, 4]
    """"""
    even_indexed_values = []
    for i in range(len(l)):
        if i % 2 == 0:
            even_indexed_values.append(l[i])
    
    even_indexed_values.sort()
    
    result = l[:]
    even_sorted_index = 0
    for i in range(len(result)):
        if i % 2 == 0:
            result[i] = even_indexed_values[even_sorted_index]
            even_sorted_index += 1
            
    return result",0,0,0,2.547687292098999,1.3397080898284912,1.3288640975952148
HumanEval/38,decode_cyclic,"def decode_cyclic(s: str):
    """"""
    takes as input string encoded with encode_cyclic function. Returns decoded string.
    """"""
    # split string to groups. Each of length 3.
    groups = [s[(3 * i):min((3 * i + 3), len(s))] for i in range((len(s) + 2) // 3)]
    # reverse cycle elements in each group. Unless group has fewer elements than 3.
    groups = [(group[-1] + group[:-1]) if len(group) == 3 else group for group in groups]
    return """".join(groups)","def decode_cyclic(s: str):
    """"""
    takes as input string encoded with encode_cyclic function. Returns decoded string.
    """"""
    # split string to groups. Each of length 3.
    groups = [s[(3 * i):min((3 * i + 3), len(s))] for i in range((len(s) + 2) // 3)]
    # reverse cycle elements in each group. Unless group has fewer elements than 3.
    groups = [(group[-1] + group[:-1]) if len(group) == 3 else group for group in groups]
    return """".join(groups)","def decode_cyclic(s: str):
    """"""
    takes as input string encoded with encode_cyclic function. Returns decoded string.
    """"""
    # split string to groups. Each of length 3.
    groups = [s[(3 * i):min((3 * i + 3), len(s))] for i in range((len(s) + 2) // 3)]
    # cycle elements in each group back. Unless group has fewer elements than 3.
    groups = [(group[-1] + group[:-1]) if len(group) == 3 else group for group in groups]
    return """".join(groups)",0,0,0,3.2354960441589355,1.2440199851989746,0.9030370712280272
HumanEval/39,prime_fib,"def prime_fib(n: int):
    fibs = [0, 1]
    primes = []
    
    def is_prime(num):
        if num < 2:
            return False
        for i in range(2, int(num**0.5) + 1):
            if num % i == 0:
                return False
        return True

    while len(primes) < n:
        next_fib = fibs[-1] + fibs[-2]
        fibs.append(next_fib)
        if is_prime(next_fib):
            primes.append(next_fib)

    return primes[n - 1]","def prime_fib(n: int):
    """"""
    prime_fib returns n-th number that is a Fibonacci number and it's also prime.
    >>> prime_fib(1)
    2
    >>> prime_fib(2)
    3
    >>> prime_fib(3)
    5
    >>> prime_fib(4)
    13
    >>> prime_fib(5)
    89
    """"""
    def is_prime(num):
        if num < 2:
            return False
        if num == 2:
            return True
        if num % 2 == 0:
            return False
        for i in range(3, int(num**0.5) + 1, 2):
            if num % i == 0:
                return False
        return True
    
    count = 0
    a, b = 0, 1
    
    while count < n:
        a, b = b, a + b
        if is_prime(b):
            count += 1
    
    return b","def prime_fib(n: int):
    """"""
    prime_fib returns n-th number that is a Fibonacci number and it's also prime.
    >>> prime_fib(1)
    2
    >>> prime_fib(2)
    3
    >>> prime_fib(3)
    5
    >>> prime_fib(4)
    13
    >>> prime_fib(5)
    89
    """"""
    def is_prime(num):
        if num < 2:
            return False
        for i in range(2, int(num**0.5) + 1):
            if num % i == 0:
                return False
        return True

    count = 0
    a, b = 0, 1
    while True:
        fib_num = a
        if fib_num > 1 and is_prime(fib_num):
            count += 1
            if count == n:
                return fib_num
        a, b = b, a + b",0,0,0,3.275784969329834,1.8030829429626465,1.3724050521850586
HumanEval/40,triples_sum_to_zero,"def triples_sum_to_zero(l: list):
    """"""
    triples_sum_to_zero takes a list of integers as an input.
    it returns True if there are three distinct elements in the list that
    sum to zero, and False otherwise.

    >>> triples_sum_to_zero([1, 3, 5, 0])
    False
    >>> triples_sum_to_zero([1, 3, -2, 1])
    True
    >>> triples_sum_to_zero([1, 2, 3, 7])
    False
    >>> triples_sum_to_zero([2, 4, -5, 3, 9, 7])
    True
    >>> triples_sum_to_zero([1])
    False
    """"""
    n = len(l)
    l = list(set(l))  # Remove duplicates
    n = len(l)
    
    for i in range(n):
        s = set()
        current_sum = -l[i]
        for j in range(i + 1, n):
            if (current_sum - l[j]) in s:
                return True
            s.add(l[j])
    
    return False","def triples_sum_to_zero(l: list):
    """"""
    triples_sum_to_zero takes a list of integers as an input.
    it returns True if there are three distinct elements in the list that
    sum to zero, and False otherwise.

    >>> triples_sum_to_zero([1, 3, 5, 0])
    False
    >>> triples_sum_to_zero([1, 3, -2, 1])
    True
    >>> triples_sum_to_zero([1, 2, 3, 7])
    False
    >>> triples_sum_to_zero([2, 4, -5, 3, 9, 7])
    True
    >>> triples_sum_to_zero([1])
    False
    """"""
    n = len(l)
    for i in range(n):
        for j in range(i + 1, n):
            for k in range(j + 1, n):
                if l[i] + l[j] + l[k] == 0:
                    return True
    return False","def triples_sum_to_zero(l: list):
    """"""
    triples_sum_to_zero takes a list of integers as an input.
    it returns True if there are three distinct elements in the list that
    sum to zero, and False otherwise.

    >>> triples_sum_to_zero([1, 3, 5, 0])
    False
    >>> triples_sum_to_zero([1, 3, -2, 1])
    True
    >>> triples_sum_to_zero([1, 2, 3, 7])
    False
    >>> triples_sum_to_zero([2, 4, -5, 3, 9, 7])
    True
    >>> triples_sum_to_zero([1])
    False
    """"""
    n = len(l)
    if n < 3:
        return False

    for i in range(n):
        for j in range(i + 1, n):
            for k in range(j + 1, n):
                if l[i] + l[j] + l[k] == 0:
                    return True
    return False",0,0,0,3.375591993331909,1.7677860260009766,1.4987919330596924
HumanEval/41,car_race_collision,"def car_race_collision(n: int):
    """"""
    Imagine a road that's a perfectly straight infinitely long line.
    n cars are driving left to right;  simultaneously, a different set of n cars
    are driving right to left.   The two sets of cars start out being very far from
    each other.  All cars move in the same speed.  Two cars are said to collide
    when a car that's moving left to right hits a car that's moving right to left.
    However, the cars are infinitely sturdy and strong; as a result, they continue moving
    in their trajectory as if they did not collide.

    This function outputs the number of such collisions.
    """"""
    return n * n","def car_race_collision(n: int):
    """"""
    Imagine a road that's a perfectly straight infinitely long line.
    n cars are driving left to right;  simultaneously, a different set of n cars
    are driving right to left.   The two sets of cars start out being very far from
    each other.  All cars move in the same speed.  Two cars are said to collide
    when a car that's moving left to right hits a car that's moving right to left.
    However, the cars are infinitely sturdy and strong; as a result, they continue moving
    in their trajectory as if they did not collide.

    This function outputs the number of such collisions.
    """"""
    return n * n","def car_race_collision(n: int):
    """"""
    Imagine a road that's a perfectly straight infinitely long line.
    n cars are driving left to right;  simultaneously, a different set of n cars
    are driving right to left.   The two sets of cars start out being very far from
    each other.  All cars move in the same speed.  Two cars are said to collide
    when a car that's moving left to right hits a car that's moving right to left.
    However, the cars are infinitely sturdy and strong; as a result, they continue moving
    in their trajectory as if they did not collide.

    This function outputs the number of such collisions.
    """"""
    return n * n",0,0,0,2.2395079135894775,1.1513161659240725,1.0723421573638916
HumanEval/42,incr_list,"def incr_list(l: list):
    """"""Return list with elements incremented by 1.
    >>> incr_list([1, 2, 3])
    [2, 3, 4]
    >>> incr_list([5, 3, 5, 2, 3, 3, 9, 0, 123])
    [6, 4, 6, 3, 4, 4, 10, 1, 124]
    """"""
    return [x + 1 for x in l]","def incr_list(l: list):
    """"""Return list with elements incremented by 1.
    >>> incr_list([1, 2, 3])
    [2, 3, 4]
    >>> incr_list([5, 3, 5, 2, 3, 3, 9, 0, 123])
    [6, 4, 6, 3, 4, 4, 10, 1, 124]
    """"""
    return [x + 1 for x in l]","def incr_list(l: list):
    """"""Return list with elements incremented by 1.
    >>> incr_list([1, 2, 3])
    [2, 3, 4]
    >>> incr_list([5, 3, 5, 2, 3, 3, 9, 0, 123])
    [6, 4, 6, 3, 4, 4, 10, 1, 124]
    """"""
    return [x + 1 for x in l]",0,0,0,3.0054409503936768,1.1868181228637695,0.9196391105651855
HumanEval/43,pairs_sum_to_zero,"def pairs_sum_to_zero(l):
    seen = set()
    for num in l:
        if -num in seen:
            return True
        seen.add(num)
    return False","def pairs_sum_to_zero(l):
    """"""
    pairs_sum_to_zero takes a list of integers as an input.
    it returns True if there are two distinct elements in the list that
    sum to zero, and False otherwise.
    >>> pairs_sum_to_zero([1, 3, 5, 0])
    False
    >>> pairs_sum_to_zero([1, 3, -2, 1])
    False
    >>> pairs_sum_to_zero([1, 2, 3, 7])
    False
    >>> pairs_sum_to_zero([2, 4, -5, 3, 5, 7])
    True
    >>> pairs_sum_to_zero([1])
    False
    """"""
    seen = set()
    for num in l:
        if -num in seen:
            return True
        seen.add(num)
    return False","def pairs_sum_to_zero(l):
    """"""
    pairs_sum_to_zero takes a list of integers as an input.
    it returns True if there are two distinct elements in the list that
    sum to zero, and False otherwise.
    >>> pairs_sum_to_zero([1, 3, 5, 0])
    False
    >>> pairs_sum_to_zero([1, 3, -2, 1])
    False
    >>> pairs_sum_to_zero([1, 2, 3, 7])
    False
    >>> pairs_sum_to_zero([2, 4, -5, 3, 5, 7])
    True
    >>> pairs_sum_to_zero([1])
    False
    """"""
    for i in range(len(l)):
        for j in range(i + 1, len(l)):
            if l[i] + l[j] == 0:
                return True
    return False",0,0,0,1.5988280773162842,1.399031162261963,1.4260401725769043
HumanEval/44,change_base,"def change_base(x: int, base: int):
    """"""Change numerical base of input number x to base.
    return string representation after the conversion.
    base numbers are less than 10.
    >>> change_base(8, 3)
    '22'
    >>> change_base(8, 2)
    '1000'
    >>> change_base(7, 2)
    '111'
    """"""
    if x == 0:
        return '0'
    digits = []
    while x:
        digits.append(str(x % base))
        x //= base
    return ''.join(digits[::-1])","def change_base(x: int, base: int):
    """"""Change numerical base of input number x to base.
    return string representation after the conversion.
    base numbers are less than 10.
    >>> change_base(8, 3)
    '22'
    >>> change_base(8, 2)
    '1000'
    >>> change_base(7, 2)
    '111'
    """"""
    if x == 0:
        return '0'
    
    digits = []
    while x > 0:
        digits.append(str(x % base))
        x //= base
    
    return ''.join(reversed(digits))","def change_base(x: int, base: int):
    """"""Change numerical base of input number x to base.
    return string representation after the conversion.
    base numbers are less than 10.
    >>> change_base(8, 3)
    '22'
    >>> change_base(8, 2)
    '1000'
    >>> change_base(7, 2)
    '111'
    """"""
    if x == 0:
        return '0'
    res = ''
    while x > 0:
        res = str(x % base) + res
        x //= base
    return res",0,0,0,2.1203012466430664,1.2617402076721191,1.0244650840759275
HumanEval/45,triangle_area,"def triangle_area(a, h):
    """"""Given length of a side and high return area for a triangle.
    >>> triangle_area(5, 3)
    7.5
    """"""
    return 0.5 * a * h","def triangle_area(a, h):
    """"""Given length of a side and high return area for a triangle.
    >>> triangle_area(5, 3)
    7.5
    """"""
    return (a * h) / 2","def triangle_area(a, h):
    """"""Given length of a side and high return area for a triangle.
    >>> triangle_area(5, 3)
    7.5
    """"""
    return 0.5 * a * h",0,0,0,1.085108995437622,0.8088910579681396,0.8810276985168457
HumanEval/46,fib4,"def fib4(n: int):
    if n == 0:
        return 0
    elif n == 1:
        return 0
    elif n == 2:
        return 2
    elif n == 3:
        return 0
    
    fib = [0] * (n + 1)
    fib[0], fib[1], fib[2], fib[3] = 0, 0, 2, 0
    
    for i in range(4, n + 1):
        fib[i] = fib[i - 1] + fib[i - 2] + fib[i - 3] + fib[i - 4]
    
    return fib[n]","def fib4(n: int):
    """"""The Fib4 number sequence is a sequence similar to the Fibbonacci sequnece that's defined as follows:
    fib4(0) -> 0
    fib4(1) -> 0
    fib4(2) -> 2
    fib4(3) -> 0
    fib4(n) -> fib4(n-1) + fib4(n-2) + fib4(n-3) + fib4(n-4).
    Please write a function to efficiently compute the n-th element of the fib4 number sequence.  Do not use recursion.
    >>> fib4(5)
    4
    >>> fib4(6)
    8
    >>> fib4(7)
    14
    """"""
    if n == 0:
        return 0
    if n == 1:
        return 0
    if n == 2:
        return 2
    if n == 3:
        return 0
    
    # Initialize the first four values
    a, b, c, d = 0, 0, 2, 0
    
    # Compute iteratively from index 4 to n
    for i in range(4, n + 1):
        next_val = a + b + c + d
        a, b, c, d = b, c, d, next_val
    
    return d","def fib4(n: int):
    """"""The Fib4 number sequence is a sequence similar to the Fibbonacci sequnece that's defined as follows:
    fib4(0) -> 0
    fib4(1) -> 0
    fib4(2) -> 2
    fib4(3) -> 0
    fib4(n) -> fib4(n-1) + fib4(n-2) + fib4(n-3) + fib4(n-4).
    Please write a function to efficiently compute the n-th element of the fib4 number sequence.  Do not use recursion.
    >>> fib4(5)
    4
    >>> fib4(6)
    8
    >>> fib4(7)
    14
    """"""
    if n == 0:
        return 0
    elif n == 1:
        return 0
    elif n == 2:
        return 2
    elif n == 3:
        return 0
    else:
        dp = [0] * (n + 1)
        dp[0] = 0
        dp[1] = 0
        dp[2] = 2
        dp[3] = 0
        for i in range(4, n + 1):
            dp[i] = dp[i-1] + dp[i-2] + dp[i-3] + dp[i-4]
        return dp[n]",0,0,0,3.1269826889038086,2.0782222747802734,1.8399317264556885
HumanEval/47,median,"def median(l: list):
    """"""Return median of elements in the list l.
    >>> median([3, 1, 2, 4, 5])
    3
    >>> median([-10, 4, 6, 1000, 10, 20])
    15.0
    """"""
    l.sort()
    n = len(l)
    mid = n // 2
    if n % 2 == 0:
        return (l[mid - 1] + l[mid]) / 2
    else:
        return l[mid]","def median(l: list):
    """"""Return median of elements in the list l.
    >>> median([3, 1, 2, 4, 5])
    3
    >>> median([-10, 4, 6, 1000, 10, 20])
    15.0
    """"""
    sorted_list = sorted(l)
    n = len(sorted_list)
    
    if n % 2 == 1:
        # Odd number of elements
        return sorted_list[n // 2]
    else:
        # Even number of elements
        return (sorted_list[n // 2 - 1] + sorted_list[n // 2]) / 2","def median(l: list):
    """"""Return median of elements in the list l.
    >>> median([3, 1, 2, 4, 5])
    3
    >>> median([-10, 4, 6, 1000, 10, 20])
    15.0
    """"""
    l.sort()
    n = len(l)
    if n % 2 == 1:
        return l[n // 2]
    else:
        return (l[n // 2 - 1] + l[n // 2]) / 2",0,0,0,2.6369149684906006,1.2649500370025637,1.042799949645996
HumanEval/48,is_palindrome,"def is_palindrome(text: str):
    """"""
    Checks if given string is a palindrome
    >>> is_palindrome('')
    True
    >>> is_palindrome('aba')
    True
    >>> is_palindrome('aaaaa')
    True
    >>> is_palindrome('zbcd')
    False
    """"""
    return text == text[::-1]","def is_palindrome(text: str):
    """"""
    Checks if given string is a palindrome
    >>> is_palindrome('')
    True
    >>> is_palindrome('aba')
    True
    >>> is_palindrome('aaaaa')
    True
    >>> is_palindrome('zbcd')
    False
    """"""
    return text == text[::-1]","def is_palindrome(text: str):
    """"""
    Checks if given string is a palindrome
    >>> is_palindrome('')
    True
    >>> is_palindrome('aba')
    True
    >>> is_palindrome('aaaaa')
    True
    >>> is_palindrome('zbcd')
    False
    """"""
    return text == text[::-1]",0,0,0,1.4509658813476562,0.925102710723877,0.712040901184082
HumanEval/49,modp,"def modp(n: int, p: int):
    """"""Return 2^n modulo p (be aware of numerics).
    >>> modp(3, 5)
    3
    >>> modp(1101, 101)
    2
    >>> modp(0, 101)
    1
    >>> modp(3, 11)
    8
    >>> modp(100, 101)
    1
    """"""
    return pow(2, n, p)","def modp(n: int, p: int):
    """"""Return 2^n modulo p (be aware of numerics).
    >>> modp(3, 5)
    3
    >>> modp(1101, 101)
    2
    >>> modp(0, 101)
    1
    >>> modp(3, 11)
    8
    >>> modp(100, 101)
    1
    """"""
    return pow(2, n, p)","def modp(n: int, p: int):
    """"""Return 2^n modulo p (be aware of numerics).
    >>> modp(3, 5)
    3
    >>> modp(1101, 101)
    2
    >>> modp(0, 101)
    1
    >>> modp(3, 11)
    8
    >>> modp(100, 101)
    1
    """"""
    return pow(2, n, p)",0,0,0,2.200368881225586,1.0253088474273682,1.1645939350128174
